<?xml version="1.0" encoding="UTF-8"?>
<metadata xml:lang="en"><Esri><CreaDate>20141028</CreaDate><CreaTime>09062300</CreaTime><SyncOnce>FALSE</SyncOnce><DataProperties><lineage><Process Name="Create Feature Class" ToolSource="C:\Program Files\ArcGIS\ArcToolbox\Toolboxes\Data Management Tools.tbx\CreateFeatureclass" Date="20050912" Time="162332">CreateFeatureclass "Database Connections\Connection to aotgis.sde\layers_hms.HMSADMIN.HighwayMappingSystem" townindex # townindex_Essex_UC_Layer SAME_AS_TEMPLATE SAME_AS_TEMPLATE "PROJCS['NAD_1983_StatePlane_Vermont_FIPS_4400',GEOGCS['GCS_North_American_1983',DATUM['D_North_American_1983',SPHEROID['GRS_1980',6378137.0,298.257222101]],PRIMEM['Greenwich',0.0],UNIT['Degree',0.0174532925199433]],PROJECTION['Transverse_Mercator'],PARAMETER['False_Easting',500000.0],PARAMETER['False_Northing',0.0],PARAMETER['Central_Meridian',-72.5],PARAMETER['Scale_Factor',0.9999642857142858],PARAMETER['Latitude_Of_Origin',42.5],UNIT['Meter',1.0]];420869.510875529 18864.2681255292 8034.01321075307;0 1;0 1" # 0 0 0 "Database Connections\Connection to aotgis.sde\layers_hms.HMSADMIN.HighwayMappingSystem\Layers_HMS.HMSADMIN.townindex"</Process><Process Name="Append" ToolSource="C:\Program Files\ArcGIS\ArcToolbox\Toolboxes\Data Management Tools.tbx\Append" Date="20050912" Time="162335">Append townindex_Essex_UC_Layer "Database Connections\Connection to aotgis.sde\layers_hms.HMSADMIN.HighwayMappingSystem\Layers_HMS.HMSADMIN.townindex" TEST "Database Connections\Connection to aotgis.sde\layers_hms.HMSADMIN.HighwayMappingSystem\Layers_HMS.HMSADMIN.townindex"</Process><Process Name="FeatureClassToFeatureClass_1" ToolSource="C:\Program Files\ArcGIS\ArcToolbox\Toolboxes\Conversion Tools.tbx\FeatureClassToFeatureClass" Date="20050912" Time="162335">FeatureClassToFeatureClass V:\Projects\Shared\Mapping&amp;GIS\HMS_ArcMapTest\PRODUCTION\VTRANS\Boundaries.mdb\townindex_Essex_UC "Database Connections\Connection to aotgis.sde\layers_hms.HMSADMIN.HighwayMappingSystem" townindex # "FIPS10 FIPS10 VISIBLE;VILLNAME VILLNAME VISIBLE;PLACECE PLACECE VISIBLE;TOWNNAME TOWNNAME VISIBLE;ADMINDIST ADMINDIST VISIBLE;CNTY_FIPS CNTY_FIPS VISIBLE;TOWN TOWN VISIBLE;COMMTYPE COMMTYPE VISIBLE;BORDERNAME BORDERNAME VISIBLE;TITLENAME TITLENAME VISIBLE;UA UA VISIBLE;SCALE SCALE VISIBLE;DIST DIST VISIBLE;CTCODE CTCODE VISIBLE;COUNTY COUNTY VISIBLE;RPC RPC VISIBLE;FIPS6 FIPS6 VISIBLE;TOWNNAME_1 TOWNNAME_1 VISIBLE;COUNTYNAME COUNTYNAME VISIBLE;SUBNAME SUBNAME VISIBLE;SUB_NUM SUB_NUM VISIBLE;SHADETYPE SHADETYPE VISIBLE;DIRNAME DIRNAME VISIBLE;PARENT_TOWN PARENT_TOWN VISIBLE;FIPS8 FIPS8 VISIBLE;ROTATION ROTATION VISIBLE;SHAPE_Length SHAPE_Length VISIBLE;SHAPE_Area SHAPE_Area VISIBLE" SAME_AS_TEMPLATE SAME_AS_TEMPLATE # 0 "Database Connections\Connection to aotgis.sde\layers_hms.HMSADMIN.HighwayMappingSystem\Layers_HMS.HMSADMIN.townindex"</Process><Process ToolSource="c:\program files (x86)\arcgis\desktop10.0\ArcToolbox\Toolboxes\Data Management Tools.tbx\CopyFeatures" Date="20121101" Time="091728">CopyFeatures "V:\Projects\Shared\Mapping\HighwayMappingSystem\HMS_Geodatabases\Boundaries - Copy.mdb\MasterBoundaryData_original\StateOutline" V:\Projects\Shared\Mapping\HighwayMappingSystem\HMS_Geodatabases\Boundaries.mdb\MasterBoundaryData\StateOutline # 0 0 0</Process><Process Name="Feature Class To Feature Class (5)" ToolSource="C:\Program Files (x86)\ArcGIS\Desktop10.0\ArcToolbox\Toolboxes\Conversion Tools.tbx\FeatureClassToFeatureClass" Date="20121130" Time="171802">FeatureClassToFeatureClass V:\Projects\Shared\Mapping\HighwayMappingSystem\HMS_Geodatabases\Boundaries.mdb\MasterBoundaryData\StateOutline "Database Connections\GDB_HMS.sde\GDB_HMS.HMSADMIN.Boundaries" StateOutline # "FIPS10 "FIPS10" true true false 8 Double 0 0 ,First,#,V:\Projects\Shared\Mapping\HighwayMappingSystem\HMS_Geodatabases\Boundaries.mdb\MasterBoundaryData\StateOutline,FIPS10,-1,-1;VILLNAME "VILLNAME" true true false 40 Text 0 0 ,First,#,V:\Projects\Shared\Mapping\HighwayMappingSystem\HMS_Geodatabases\Boundaries.mdb\MasterBoundaryData\StateOutline,VILLNAME,-1,-1;PLACECE "PLACECE" true true false 4 Text 0 0 ,First,#,V:\Projects\Shared\Mapping\HighwayMappingSystem\HMS_Geodatabases\Boundaries.mdb\MasterBoundaryData\StateOutline,PLACECE,-1,-1;TOWNNAME "TOWNNAME" true true false 18 Text 0 0 ,First,#,V:\Projects\Shared\Mapping\HighwayMappingSystem\HMS_Geodatabases\Boundaries.mdb\MasterBoundaryData\StateOutline,TOWNNAME,-1,-1;ADMINDIST "ADMINDIST" true true false 10 Text 0 0 ,First,#,V:\Projects\Shared\Mapping\HighwayMappingSystem\HMS_Geodatabases\Boundaries.mdb\MasterBoundaryData\StateOutline,ADMINDIST,-1,-1;CNTY_FIPS "CNTY_FIPS" true true false 2 Short 0 0 ,First,#,V:\Projects\Shared\Mapping\HighwayMappingSystem\HMS_Geodatabases\Boundaries.mdb\MasterBoundaryData\StateOutline,CNTY_FIPS,-1,-1;TOWN "TOWN" true true false 35 Text 0 0 ,First,#,V:\Projects\Shared\Mapping\HighwayMappingSystem\HMS_Geodatabases\Boundaries.mdb\MasterBoundaryData\StateOutline,TOWN,-1,-1;COMMTYPE "COMMTYPE" true true false 4 Text 0 0 ,First,#,V:\Projects\Shared\Mapping\HighwayMappingSystem\HMS_Geodatabases\Boundaries.mdb\MasterBoundaryData\StateOutline,COMMTYPE,-1,-1;BORDERNAME "BORDERNAME" true true false 45 Text 0 0 ,First,#,V:\Projects\Shared\Mapping\HighwayMappingSystem\HMS_Geodatabases\Boundaries.mdb\MasterBoundaryData\StateOutline,BORDERNAME,-1,-1;TITLENAME "TITLENAME" true true false 45 Text 0 0 ,First,#,V:\Projects\Shared\Mapping\HighwayMappingSystem\HMS_Geodatabases\Boundaries.mdb\MasterBoundaryData\StateOutline,TITLENAME,-1,-1;UA "UA" true true false 2 Short 0 0 ,First,#,V:\Projects\Shared\Mapping\HighwayMappingSystem\HMS_Geodatabases\Boundaries.mdb\MasterBoundaryData\StateOutline,UA,-1,-1;SCALE "SCALE" true true false 4 Long 0 0 ,First,#,V:\Projects\Shared\Mapping\HighwayMappingSystem\HMS_Geodatabases\Boundaries.mdb\MasterBoundaryData\StateOutline,SCALE,-1,-1;DIST "DIST" true true false 2 Short 0 0 ,First,#,V:\Projects\Shared\Mapping\HighwayMappingSystem\HMS_Geodatabases\Boundaries.mdb\MasterBoundaryData\StateOutline,DIST,-1,-1;CTCODE "CTCODE" true true false 4 Text 0 0 ,First,#,V:\Projects\Shared\Mapping\HighwayMappingSystem\HMS_Geodatabases\Boundaries.mdb\MasterBoundaryData\StateOutline,CTCODE,-1,-1;COUNTY "COUNTY" true true false 30 Text 0 0 ,First,#,V:\Projects\Shared\Mapping\HighwayMappingSystem\HMS_Geodatabases\Boundaries.mdb\MasterBoundaryData\StateOutline,COUNTY,-1,-1;RPC "RPC" true true false 2 Text 0 0 ,First,#,V:\Projects\Shared\Mapping\HighwayMappingSystem\HMS_Geodatabases\Boundaries.mdb\MasterBoundaryData\StateOutline,RPC,-1,-1;FIPS6 "FIPS6" true true false 4 Long 0 0 ,First,#,V:\Projects\Shared\Mapping\HighwayMappingSystem\HMS_Geodatabases\Boundaries.mdb\MasterBoundaryData\StateOutline,FIPS6,-1,-1;TOWNNAME_1 "TOWNNAME_1" true true false 18 Text 0 0 ,First,#,V:\Projects\Shared\Mapping\HighwayMappingSystem\HMS_Geodatabases\Boundaries.mdb\MasterBoundaryData\StateOutline,TOWNNAME_1,-1,-1;COUNTYNAME "COUNTYNAME" true true false 18 Text 0 0 ,First,#,V:\Projects\Shared\Mapping\HighwayMappingSystem\HMS_Geodatabases\Boundaries.mdb\MasterBoundaryData\StateOutline,COUNTYNAME,-1,-1;SUBNAME "SUBNAME" true true false 100 Text 0 0 ,First,#,V:\Projects\Shared\Mapping\HighwayMappingSystem\HMS_Geodatabases\Boundaries.mdb\MasterBoundaryData\StateOutline,SUBNAME,-1,-1;SUB_NUM "SUB_NUM" true true false 2 Short 0 0 ,First,#,V:\Projects\Shared\Mapping\HighwayMappingSystem\HMS_Geodatabases\Boundaries.mdb\MasterBoundaryData\StateOutline,SUB_NUM,-1,-1;SHADETYPE "SHADETYPE" true true false 2 Short 0 0 ,First,#,V:\Projects\Shared\Mapping\HighwayMappingSystem\HMS_Geodatabases\Boundaries.mdb\MasterBoundaryData\StateOutline,SHADETYPE,-1,-1;DIRNAME "DIRNAME" true true false 32 Text 0 0 ,First,#,V:\Projects\Shared\Mapping\HighwayMappingSystem\HMS_Geodatabases\Boundaries.mdb\MasterBoundaryData\StateOutline,DIRNAME,-1,-1;PARENT_TOWN "PARENT_TOWN" true true false 32 Text 0 0 ,First,#,V:\Projects\Shared\Mapping\HighwayMappingSystem\HMS_Geodatabases\Boundaries.mdb\MasterBoundaryData\StateOutline,PARENT_TOWN,-1,-1;FIPS8 "FIPS8" true true false 4 Long 0 0 ,First,#,V:\Projects\Shared\Mapping\HighwayMappingSystem\HMS_Geodatabases\Boundaries.mdb\MasterBoundaryData\StateOutline,FIPS8,-1,-1;ROTATION "ROTATION" true true false 2 Short 0 0 ,First,#,V:\Projects\Shared\Mapping\HighwayMappingSystem\HMS_Geodatabases\Boundaries.mdb\MasterBoundaryData\StateOutline,ROTATION,-1,-1;UpdateComment "UpdateComment" true true false 75 Text 0 0 ,First,#,V:\Projects\Shared\Mapping\HighwayMappingSystem\HMS_Geodatabases\Boundaries.mdb\MasterBoundaryData\StateOutline,UpdateComment,-1,-1;UpdateSource "UpdateSource" true true false 50 Text 0 0 ,First,#,V:\Projects\Shared\Mapping\HighwayMappingSystem\HMS_Geodatabases\Boundaries.mdb\MasterBoundaryData\StateOutline,UpdateSource,-1,-1;UpdateYear "UpdateYear" true true false 2 Short 0 0 ,First,#,V:\Projects\Shared\Mapping\HighwayMappingSystem\HMS_Geodatabases\Boundaries.mdb\MasterBoundaryData\StateOutline,UpdateYear,-1,-1;SHAPE_Length "SHAPE_Length" false true true 8 Double 0 0 ,First,#,V:\Projects\Shared\Mapping\HighwayMappingSystem\HMS_Geodatabases\Boundaries.mdb\MasterBoundaryData\StateOutline,SHAPE_Length,-1,-1;SHAPE_Area "SHAPE_Area" false true true 8 Double 0 0 ,First,#,V:\Projects\Shared\Mapping\HighwayMappingSystem\HMS_Geodatabases\Boundaries.mdb\MasterBoundaryData\StateOutline,SHAPE_Area,-1,-1" #</Process><Process Name="Add Spatial Index (2)" ToolSource="C:\Program Files (x86)\ArcGIS\Desktop10.0\ArcToolbox\Toolboxes\Data Management Tools.tbx\AddSpatialIndex" Date="20121130" Time="171804">AddSpatialIndex "Database Connections\GDB_HMS.sde\GDB_HMS.HMSADMIN.Boundaries\GDB_HMS.HMSADMIN.StateOutline" 205671.815 0 0</Process><Process ToolSource="c:\program files (x86)\arcgis\desktop10.1\ArcToolbox\Toolboxes\Conversion Tools.tbx\FeatureClassToFeatureClass" Date="20140103" Time="024047">FeatureClassToFeatureClass C:/BatchJobs/SDEConnections/GDB_HMS(HMSAdmin).sde/HMSAdmin.StateOutline C:/BatchJobs/SDEConnections/GDB_Gen(VTrans_Admin).sde Boundary_State # "FIPS10 "FIPS10" true true false 8 Double 8 38 ,First,#,C:/BatchJobs/SDEConnections/GDB_HMS(HMSAdmin).sde/HMSAdmin.StateOutline,FIPS10,-1,-1;VILLNAME "VILLNAME" true true false 40 Text 0 0 ,First,#,C:/BatchJobs/SDEConnections/GDB_HMS(HMSAdmin).sde/HMSAdmin.StateOutline,VILLNAME,-1,-1;PLACECE "PLACECE" true true false 4 Text 0 0 ,First,#,C:/BatchJobs/SDEConnections/GDB_HMS(HMSAdmin).sde/HMSAdmin.StateOutline,PLACECE,-1,-1;TOWNNAME "TOWNNAME" true true false 18 Text 0 0 ,First,#,C:/BatchJobs/SDEConnections/GDB_HMS(HMSAdmin).sde/HMSAdmin.StateOutline,TOWNNAME,-1,-1;ADMINDIST "ADMINDIST" true true false 10 Text 0 0 ,First,#,C:/BatchJobs/SDEConnections/GDB_HMS(HMSAdmin).sde/HMSAdmin.StateOutline,ADMINDIST,-1,-1;CNTY_FIPS "CNTY_FIPS" true true false 2 Short 0 5 ,First,#,C:/BatchJobs/SDEConnections/GDB_HMS(HMSAdmin).sde/HMSAdmin.StateOutline,CNTY_FIPS,-1,-1;TOWN "TOWN" true true false 35 Text 0 0 ,First,#,C:/BatchJobs/SDEConnections/GDB_HMS(HMSAdmin).sde/HMSAdmin.StateOutline,TOWN,-1,-1;COMMTYPE "COMMTYPE" true true false 4 Text 0 0 ,First,#,C:/BatchJobs/SDEConnections/GDB_HMS(HMSAdmin).sde/HMSAdmin.StateOutline,COMMTYPE,-1,-1;BORDERNAME "BORDERNAME" true true false 45 Text 0 0 ,First,#,C:/BatchJobs/SDEConnections/GDB_HMS(HMSAdmin).sde/HMSAdmin.StateOutline,BORDERNAME,-1,-1;TITLENAME "TITLENAME" true true false 45 Text 0 0 ,First,#,C:/BatchJobs/SDEConnections/GDB_HMS(HMSAdmin).sde/HMSAdmin.StateOutline,TITLENAME,-1,-1;UA "UA" true true false 2 Short 0 5 ,First,#,C:/BatchJobs/SDEConnections/GDB_HMS(HMSAdmin).sde/HMSAdmin.StateOutline,UA,-1,-1;SCALE "SCALE" true true false 4 Long 0 10 ,First,#,C:/BatchJobs/SDEConnections/GDB_HMS(HMSAdmin).sde/HMSAdmin.StateOutline,SCALE,-1,-1;DIST "DIST" true true false 2 Short 0 5 ,First,#,C:/BatchJobs/SDEConnections/GDB_HMS(HMSAdmin).sde/HMSAdmin.StateOutline,DIST,-1,-1;CTCODE "CTCODE" true true false 4 Text 0 0 ,First,#,C:/BatchJobs/SDEConnections/GDB_HMS(HMSAdmin).sde/HMSAdmin.StateOutline,CTCODE,-1,-1;COUNTY "COUNTY" true true false 30 Text 0 0 ,First,#,C:/BatchJobs/SDEConnections/GDB_HMS(HMSAdmin).sde/HMSAdmin.StateOutline,COUNTY,-1,-1;RPC "RPC" true true false 2 Text 0 0 ,First,#,C:/BatchJobs/SDEConnections/GDB_HMS(HMSAdmin).sde/HMSAdmin.StateOutline,RPC,-1,-1;FIPS6 "FIPS6" true true false 4 Long 0 10 ,First,#,C:/BatchJobs/SDEConnections/GDB_HMS(HMSAdmin).sde/HMSAdmin.StateOutline,FIPS6,-1,-1;TOWNNAME_1 "TOWNNAME_1" true true false 18 Text 0 0 ,First,#,C:/BatchJobs/SDEConnections/GDB_HMS(HMSAdmin).sde/HMSAdmin.StateOutline,TOWNNAME_1,-1,-1;COUNTYNAME "COUNTYNAME" true true false 18 Text 0 0 ,First,#,C:/BatchJobs/SDEConnections/GDB_HMS(HMSAdmin).sde/HMSAdmin.StateOutline,COUNTYNAME,-1,-1;SUBNAME "SUBNAME" true true false 100 Text 0 0 ,First,#,C:/BatchJobs/SDEConnections/GDB_HMS(HMSAdmin).sde/HMSAdmin.StateOutline,SUBNAME,-1,-1;SUB_NUM "SUB_NUM" true true false 2 Short 0 5 ,First,#,C:/BatchJobs/SDEConnections/GDB_HMS(HMSAdmin).sde/HMSAdmin.StateOutline,SUB_NUM,-1,-1;SHADETYPE "SHADETYPE" true true false 2 Short 0 5 ,First,#,C:/BatchJobs/SDEConnections/GDB_HMS(HMSAdmin).sde/HMSAdmin.StateOutline,SHADETYPE,-1,-1;DIRNAME "DIRNAME" true true false 32 Text 0 0 ,First,#,C:/BatchJobs/SDEConnections/GDB_HMS(HMSAdmin).sde/HMSAdmin.StateOutline,DIRNAME,-1,-1;PARENT_TOWN "PARENT_TOWN" true true false 32 Text 0 0 ,First,#,C:/BatchJobs/SDEConnections/GDB_HMS(HMSAdmin).sde/HMSAdmin.StateOutline,PARENT_TOWN,-1,-1;FIPS8 "FIPS8" true true false 4 Long 0 10 ,First,#,C:/BatchJobs/SDEConnections/GDB_HMS(HMSAdmin).sde/HMSAdmin.StateOutline,FIPS8,-1,-1;ROTATION "ROTATION" true true false 2 Short 0 5 ,First,#,C:/BatchJobs/SDEConnections/GDB_HMS(HMSAdmin).sde/HMSAdmin.StateOutline,ROTATION,-1,-1;UpdateComment "UpdateComment" true true false 75 Text 0 0 ,First,#,C:/BatchJobs/SDEConnections/GDB_HMS(HMSAdmin).sde/HMSAdmin.StateOutline,UpdateComment,-1,-1;UpdateSource "UpdateSource" true true false 50 Text 0 0 ,First,#,C:/BatchJobs/SDEConnections/GDB_HMS(HMSAdmin).sde/HMSAdmin.StateOutline,UpdateSource,-1,-1;UpdateYear "UpdateYear" true true false 2 Short 0 5 ,First,#,C:/BatchJobs/SDEConnections/GDB_HMS(HMSAdmin).sde/HMSAdmin.StateOutline,UpdateYear,-1,-1;Shape_area "Shape_area" false false true 0 Double 0 0 ,First,#,C:/BatchJobs/SDEConnections/GDB_HMS(HMSAdmin).sde/HMSAdmin.StateOutline,Shape.area,-1,-1;Shape_len "Shape_len" false false true 0 Double 0 0 ,First,#,C:/BatchJobs/SDEConnections/GDB_HMS(HMSAdmin).sde/HMSAdmin.StateOutline,Shape.len,-1,-1" #</Process></lineage><itemProps><itemName Sync="TRUE">GDB_Gen.VTRANS_ADMIN.Boundary_State</itemName><imsContentType Sync="TRUE">002</imsContentType><itemLocation><linkage Sync="TRUE">Server=AOTGIS; Service=sde:sqlserver:aotgis; Database=GDB_Gen; User=VTrans_Admin; Version=sde.DEFAULT</linkage><protocol Sync="TRUE">ArcSDE Connection</protocol></itemLocation></itemProps><coordRef><type Sync="TRUE">Projected</type><geogcsn Sync="TRUE">GCS_North_American_1983</geogcsn><csUnits Sync="TRUE">Linear Unit: Meter (1.000000)</csUnits><projcsn Sync="TRUE">NAD_1983_StatePlane_Vermont_FIPS_4400</projcsn><peXml Sync="TRUE">&lt;ProjectedCoordinateSystem xsi:type='typens:ProjectedCoordinateSystem' xmlns:xsi='http://www.w3.org/2001/XMLSchema-instance' xmlns:xs='http://www.w3.org/2001/XMLSchema' xmlns:typens='http://www.esri.com/schemas/ArcGIS/10.1'&gt;&lt;WKT&gt;PROJCS[&amp;quot;NAD_1983_StatePlane_Vermont_FIPS_4400&amp;quot;,GEOGCS[&amp;quot;GCS_North_American_1983&amp;quot;,DATUM[&amp;quot;D_North_American_1983&amp;quot;,SPHEROID[&amp;quot;GRS_1980&amp;quot;,6378137.0,298.257222101]],PRIMEM[&amp;quot;Greenwich&amp;quot;,0.0],UNIT[&amp;quot;Degree&amp;quot;,0.0174532925199433]],PROJECTION[&amp;quot;Transverse_Mercator&amp;quot;],PARAMETER[&amp;quot;False_Easting&amp;quot;,500000.0],PARAMETER[&amp;quot;False_Northing&amp;quot;,0.0],PARAMETER[&amp;quot;Central_Meridian&amp;quot;,-72.5],PARAMETER[&amp;quot;Scale_Factor&amp;quot;,0.9999642857142858],PARAMETER[&amp;quot;Latitude_Of_Origin&amp;quot;,42.5],UNIT[&amp;quot;Meter&amp;quot;,1.0],AUTHORITY[&amp;quot;EPSG&amp;quot;,32145]]&lt;/WKT&gt;&lt;XOrigin&gt;-5123000&lt;/XOrigin&gt;&lt;YOrigin&gt;-14708800&lt;/YOrigin&gt;&lt;XYScale&gt;6400&lt;/XYScale&gt;&lt;ZOrigin&gt;0&lt;/ZOrigin&gt;&lt;ZScale&gt;1&lt;/ZScale&gt;&lt;MOrigin&gt;0&lt;/MOrigin&gt;&lt;MScale&gt;1&lt;/MScale&gt;&lt;XYTolerance&gt;0.02&lt;/XYTolerance&gt;&lt;ZTolerance&gt;0.002&lt;/ZTolerance&gt;&lt;MTolerance&gt;0.002&lt;/MTolerance&gt;&lt;HighPrecision&gt;true&lt;/HighPrecision&gt;&lt;WKID&gt;32145&lt;/WKID&gt;&lt;LatestWKID&gt;32145&lt;/LatestWKID&gt;&lt;/ProjectedCoordinateSystem&gt;</peXml></coordRef></DataProperties><SyncDate>20140103</SyncDate><SyncTime>02404600</SyncTime><ModDate>20140103</ModDate><ModTime>02404600</ModTime><ArcGISFormat>1.0</ArcGISFormat></Esri><idinfo><citation><citeinfo><onlink Sync="TRUE">\\aotgis\gisuser$\Projects\Shared\Mapping&amp;GIS\HMS_ArcMapTest\PRODUCTION\VTRANS\Boundaries.mdb</onlink></citeinfo></citation></idinfo><distInfo><distributor><distorTran><onLineSrc><linkage Sync="TRUE">file://\\aotgis\gisuser$\Projects\Shared\Mapping&amp;GIS\HMS_ArcMapTest\PRODUCTION\VTRANS\Boundaries.mdb</linkage><protocol Sync="TRUE">Local Area Network</protocol></onLineSrc></distorTran></distributor><distFormat><formatName Sync="TRUE">SDE Feature Class</formatName></distFormat></distInfo><dataqual><lineage><procstep><procdesc Sync="TRUE">Dataset copied.</procdesc><srcused Sync="TRUE">Server=aotgis; Service=esri_sde; Database=Layers_HMS; User=HMSAdmin; Version=sde.DEFAULT</srcused><date Sync="TRUE">20050913</date><time Sync="TRUE">10194700</time></procstep><procstep><procdesc Sync="TRUE">Dataset copied.</procdesc><srcused Sync="TRUE">\\aotgis\gisuser$\Projects\Shared\Mapping&amp;GIS\HMS_ArcMapTest\PRODUCTION\VTRANS\Boundaries.mdb</srcused><date Sync="TRUE">20050921</date><time Sync="TRUE">13430500</time></procstep><procstep><procdesc Sync="TRUE">Dataset copied.</procdesc><srcused Sync="TRUE">\\aotgis\gisuser$\Projects\Shared\Mapping&amp;GIS\HMS_ArcMapTest\PRODUCTION\VTRANS\Boundaries.mdb</srcused><date Sync="TRUE">20050921</date><time Sync="TRUE">13570600</time></procstep></lineage></dataqual><dataIdInfo><envirDesc Sync="TRUE">Microsoft Windows Server 2003 Version 5.2 (Build 3790) Service Pack 2; Esri ArcGIS 10.1.1.3143</envirDesc><dataLang><languageCode value="en" Sync="TRUE"/><countryCode value="US" Sync="TRUE"/></dataLang><idCitation><resTitle Sync="TRUE">GDB_Gen.VTRANS_ADMIN.Boundary_State</resTitle><presForm><PresFormCd value="005" Sync="TRUE"/></presForm></idCitation><spatRpType><SpatRepTypCd value="001" Sync="TRUE"/></spatRpType></dataIdInfo><mdLang><languageCode value="en" Sync="TRUE"/><countryCode value="US" Sync="TRUE"/></mdLang><mdHrLv><ScopeCd value="005" Sync="TRUE"/></mdHrLv><mdHrLvName Sync="TRUE">dataset</mdHrLvName><refSysInfo><RefSystem><refSysID><identCode code="32145" Sync="TRUE" value="32145"/><idCodeSpace Sync="TRUE">EPSG</idCodeSpace><idVersion Sync="TRUE">7.11.2</idVersion></refSysID></RefSystem></refSysInfo><spatRepInfo><VectSpatRep><geometObjs Name="GDB_Gen.VTRANS_ADMIN.Boundary_State"><geoObjTyp><GeoObjTypCd value="002" Sync="TRUE"/></geoObjTyp><geoObjCnt Sync="TRUE">0</geoObjCnt></geometObjs><topLvl><TopoLevCd value="001" Sync="TRUE"/></topLvl></VectSpatRep></spatRepInfo><spdoinfo><ptvctinf><esriterm Name="GDB_Gen.VTRANS_ADMIN.Boundary_State"><efeatyp Sync="TRUE">Simple</efeatyp><efeageom code="4" Sync="TRUE"/><esritopo Sync="TRUE">FALSE</esritopo><efeacnt Sync="TRUE">0</efeacnt><spindex Sync="TRUE">TRUE</spindex><linrefer Sync="TRUE">FALSE</linrefer></esriterm></ptvctinf></spdoinfo><eainfo><detailed Name="GDB_Gen.VTRANS_ADMIN.Boundary_State"><enttyp><enttypl Sync="TRUE">GDB_Gen.VTRANS_ADMIN.Boundary_State</enttypl><enttypt Sync="TRUE">Feature Class</enttypt><enttypc Sync="TRUE">0</enttypc></enttyp><attr><attrlabl Sync="TRUE">OBJECTID</attrlabl><attalias Sync="TRUE">OBJECTID</attalias><attrtype Sync="TRUE">OID</attrtype><attwidth Sync="TRUE">4</attwidth><atprecis Sync="TRUE">10</atprecis><attscale Sync="TRUE">0</attscale><attrdef Sync="TRUE">Internal feature number.</attrdef><attrdefs Sync="TRUE">ESRI</attrdefs><attrdomv><udom Sync="TRUE">Sequential unique whole numbers that are automatically generated.</udom></attrdomv></attr><attr><attrlabl Sync="TRUE">SHAPE</attrlabl><attalias Sync="TRUE">Shape</attalias><attrtype Sync="TRUE">Geometry</attrtype><attwidth Sync="TRUE">4</attwidth><atprecis Sync="TRUE">0</atprecis><attscale Sync="TRUE">0</attscale><attrdef Sync="TRUE">Feature geometry.</attrdef><attrdefs Sync="TRUE">ESRI</attrdefs><attrdomv><udom Sync="TRUE">Coordinates defining the features.</udom></attrdomv></attr><attr><attrlabl Sync="TRUE">FIPS10</attrlabl><attalias Sync="TRUE">FIPS10</attalias><attrtype Sync="TRUE">Double</attrtype><attwidth Sync="TRUE">8</attwidth><atprecis Sync="TRUE">38</atprecis><attscale Sync="TRUE">8</attscale></attr><attr><attrlabl Sync="TRUE">VILLNAME</attrlabl><attalias Sync="TRUE">VILLNAME</attalias><attrtype Sync="TRUE">String</attrtype><attwidth Sync="TRUE">40</attwidth><atprecis Sync="TRUE">0</atprecis><attscale Sync="TRUE">0</attscale></attr><attr><attrlabl Sync="TRUE">PLACECE</attrlabl><attalias Sync="TRUE">PLACECE</attalias><attrtype Sync="TRUE">String</attrtype><attwidth Sync="TRUE">4</attwidth><atprecis Sync="TRUE">0</atprecis><attscale Sync="TRUE">0</attscale></attr><attr><attrlabl Sync="TRUE">TOWNNAME</attrlabl><attalias Sync="TRUE">TOWNNAME</attalias><attrtype Sync="TRUE">String</attrtype><attwidth Sync="TRUE">18</attwidth><atprecis Sync="TRUE">0</atprecis><attscale Sync="TRUE">0</attscale></attr><attr><attrlabl Sync="TRUE">ADMINDIST</attrlabl><attalias Sync="TRUE">ADMINDIST</attalias><attrtype Sync="TRUE">String</attrtype><attwidth Sync="TRUE">10</attwidth><atprecis Sync="TRUE">0</atprecis><attscale Sync="TRUE">0</attscale></attr><attr><attrlabl Sync="TRUE">CNTY_FIPS</attrlabl><attalias Sync="TRUE">CNTY_FIPS</attalias><attrtype Sync="TRUE">SmallInteger</attrtype><attwidth Sync="TRUE">2</attwidth><atprecis Sync="TRUE">5</atprecis><attscale Sync="TRUE">0</attscale></attr><attr><attrlabl Sync="TRUE">TOWN</attrlabl><attalias Sync="TRUE">TOWN</attalias><attrtype Sync="TRUE">String</attrtype><attwidth Sync="TRUE">35</attwidth><atprecis Sync="TRUE">0</atprecis><attscale Sync="TRUE">0</attscale></attr><attr><attrlabl Sync="TRUE">COMMTYPE</attrlabl><attalias Sync="TRUE">COMMTYPE</attalias><attrtype Sync="TRUE">String</attrtype><attwidth Sync="TRUE">4</attwidth><atprecis Sync="TRUE">0</atprecis><attscale Sync="TRUE">0</attscale></attr><attr><attrlabl Sync="TRUE">BORDERNAME</attrlabl><attalias Sync="TRUE">BORDERNAME</attalias><attrtype Sync="TRUE">String</attrtype><attwidth Sync="TRUE">45</attwidth><atprecis Sync="TRUE">0</atprecis><attscale Sync="TRUE">0</attscale></attr><attr><attrlabl Sync="TRUE">TITLENAME</attrlabl><attalias Sync="TRUE">TITLENAME</attalias><attrtype Sync="TRUE">String</attrtype><attwidth Sync="TRUE">45</attwidth><atprecis Sync="TRUE">0</atprecis><attscale Sync="TRUE">0</attscale></attr><attr><attrlabl Sync="TRUE">UA</attrlabl><attalias Sync="TRUE">UA</attalias><attrtype Sync="TRUE">SmallInteger</attrtype><attwidth Sync="TRUE">2</attwidth><atprecis Sync="TRUE">5</atprecis><attscale Sync="TRUE">0</attscale></attr><attr><attrlabl Sync="TRUE">SCALE</attrlabl><attalias Sync="TRUE">SCALE</attalias><attrtype Sync="TRUE">Integer</attrtype><attwidth Sync="TRUE">4</attwidth><atprecis Sync="TRUE">10</atprecis><attscale Sync="TRUE">0</attscale></attr><attr><attrlabl Sync="TRUE">DIST</attrlabl><attalias Sync="TRUE">DIST</attalias><attrtype Sync="TRUE">SmallInteger</attrtype><attwidth Sync="TRUE">2</attwidth><atprecis Sync="TRUE">5</atprecis><attscale Sync="TRUE">0</attscale></attr><attr><attrlabl Sync="TRUE">CTCODE</attrlabl><attalias Sync="TRUE">CTCODE</attalias><attrtype Sync="TRUE">String</attrtype><attwidth Sync="TRUE">4</attwidth><atprecis Sync="TRUE">0</atprecis><attscale Sync="TRUE">0</attscale></attr><attr><attrlabl Sync="TRUE">COUNTY</attrlabl><attalias Sync="TRUE">COUNTY</attalias><attrtype Sync="TRUE">String</attrtype><attwidth Sync="TRUE">30</attwidth><atprecis Sync="TRUE">0</atprecis><attscale Sync="TRUE">0</attscale></attr><attr><attrlabl Sync="TRUE">RPC</attrlabl><attalias Sync="TRUE">RPC</attalias><attrtype Sync="TRUE">String</attrtype><attwidth Sync="TRUE">2</attwidth><atprecis Sync="TRUE">0</atprecis><attscale Sync="TRUE">0</attscale></attr><attr><attrlabl Sync="TRUE">FIPS6</attrlabl><attalias Sync="TRUE">FIPS6</attalias><attrtype Sync="TRUE">Integer</attrtype><attwidth Sync="TRUE">4</attwidth><atprecis Sync="TRUE">10</atprecis><attscale Sync="TRUE">0</attscale></attr><attr><attrlabl Sync="TRUE">TOWNNAME_1</attrlabl><attalias Sync="TRUE">TOWNNAME_1</attalias><attrtype Sync="TRUE">String</attrtype><attwidth Sync="TRUE">18</attwidth><atprecis Sync="TRUE">0</atprecis><attscale Sync="TRUE">0</attscale></attr><attr><attrlabl Sync="TRUE">COUNTYNAME</attrlabl><attalias Sync="TRUE">COUNTYNAME</attalias><attrtype Sync="TRUE">String</attrtype><attwidth Sync="TRUE">18</attwidth><atprecis Sync="TRUE">0</atprecis><attscale Sync="TRUE">0</attscale></attr><attr><attrlabl Sync="TRUE">SUBNAME</attrlabl><attalias Sync="TRUE">SUBNAME</attalias><attrtype Sync="TRUE">String</attrtype><attwidth Sync="TRUE">100</attwidth><atprecis Sync="TRUE">0</atprecis><attscale Sync="TRUE">0</attscale></attr><attr><attrlabl Sync="TRUE">SUB_NUM</attrlabl><attalias Sync="TRUE">SUB_NUM</attalias><attrtype Sync="TRUE">SmallInteger</attrtype><attwidth Sync="TRUE">2</attwidth><atprecis Sync="TRUE">5</atprecis><attscale Sync="TRUE">0</attscale></attr><attr><attrlabl Sync="TRUE">SHADETYPE</attrlabl><attalias Sync="TRUE">SHADETYPE</attalias><attrtype Sync="TRUE">SmallInteger</attrtype><attwidth Sync="TRUE">2</attwidth><atprecis Sync="TRUE">5</atprecis><attscale Sync="TRUE">0</attscale></attr><attr><attrlabl Sync="TRUE">DIRNAME</attrlabl><attalias Sync="TRUE">DIRNAME</attalias><attrtype Sync="TRUE">String</attrtype><attwidth Sync="TRUE">32</attwidth><atprecis Sync="TRUE">0</atprecis><attscale Sync="TRUE">0</attscale></attr><attr><attrlabl Sync="TRUE">PARENT_TOWN</attrlabl><attalias Sync="TRUE">PARENT_TOWN</attalias><attrtype Sync="TRUE">String</attrtype><attwidth Sync="TRUE">32</attwidth><atprecis Sync="TRUE">0</atprecis><attscale Sync="TRUE">0</attscale></attr><attr><attrlabl Sync="TRUE">FIPS8</attrlabl><attalias Sync="TRUE">FIPS8</attalias><attrtype Sync="TRUE">Integer</attrtype><attwidth Sync="TRUE">4</attwidth><atprecis Sync="TRUE">10</atprecis><attscale Sync="TRUE">0</attscale></attr><attr><attrlabl Sync="TRUE">ROTATION</attrlabl><attalias Sync="TRUE">ROTATION</attalias><attrtype Sync="TRUE">SmallInteger</attrtype><attwidth Sync="TRUE">2</attwidth><atprecis Sync="TRUE">5</atprecis><attscale Sync="TRUE">0</attscale></attr><attr><attrlabl Sync="TRUE">UpdateComment</attrlabl><attalias Sync="TRUE">UpdateComment</attalias><attrtype Sync="TRUE">String</attrtype><attwidth Sync="TRUE">75</attwidth><atprecis Sync="TRUE">0</atprecis><attscale Sync="TRUE">0</attscale></attr><attr><attrlabl Sync="TRUE">UpdateSource</attrlabl><attalias Sync="TRUE">UpdateSource</attalias><attrtype Sync="TRUE">String</attrtype><attwidth Sync="TRUE">50</attwidth><atprecis Sync="TRUE">0</atprecis><attscale Sync="TRUE">0</attscale></attr><attr><attrlabl Sync="TRUE">UpdateYear</attrlabl><attalias Sync="TRUE">UpdateYear</attalias><attrtype Sync="TRUE">SmallInteger</attrtype><attwidth Sync="TRUE">2</attwidth><atprecis Sync="TRUE">5</atprecis><attscale Sync="TRUE">0</attscale></attr><attr><attrlabl Sync="TRUE">Shape.STArea()</attrlabl><attalias Sync="TRUE">Shape.STArea()</attalias><attrtype Sync="TRUE">Double</attrtype><attwidth Sync="TRUE">0</attwidth><atprecis Sync="TRUE">0</atprecis><attscale Sync="TRUE">0</attscale></attr><attr><attrlabl Sync="TRUE">Shape.STLength()</attrlabl><attalias Sync="TRUE">Shape.STLength()</attalias><attrtype Sync="TRUE">Double</attrtype><attwidth Sync="TRUE">0</attwidth><atprecis Sync="TRUE">0</atprecis><attscale Sync="TRUE">0</attscale></attr></detailed></eainfo><mdDateSt Sync="TRUE">20140103</mdDateSt></metadata>
